timestamp,download_mbps,upload_mbps,ping_ms,server_name,server_location,isp
2026-03-06T11:15:44.479890,224.88,55.89,33.24,Hood River Electric Coop,"Hood River, OR, United States",Wave Broadband
2026-03-06T11:16:13.101227,360.44,53.27,24.83,Comcast,"Portland, OR, United States",Wave Broadband
2026-03-06T11:31:16.789164,223.64,55.45,23.86,Comcast,"Portland, OR, United States",Wave Broadband
2026-03-06T11:46:17.548264,386.99,52.43,25.06,Comcast,"Portland, OR, United States",Wave Broadband
2026-03-06T12:16:29.838294,472.02,29.54,19.82,Ziply Fiber,"Seattle, WA, United States",Wave Broadband
2026-03-06T12:31:39.341934,397.35,6.86,25.5,"KamaTera, Inc.","Seattle, WA, United States",Wave Broadband
2026-03-06T12:46:47.313833,394.69,14.4,18.9,Ziply Fiber,"Seattle, WA, United States",Wave Broadband
2026-03-06T13:17:03.278371,350.93,49.01,20.93,GigabitNow,"Seattle, WA, United States",Wave Broadband
2026-03-06T13:32:08.030405,526.87,15.76,19.95,GigabitNow,"Seattle, WA, United States",Wave Broadband
2026-03-06T13:47:12.531382,562.06,52.22,20.04,GigabitNow,"Seattle, WA, United States",Wave Broadband
2026-03-06T14:17:20.861329,558.76,55.75,22.13,Ziply Fiber,"Seattle, WA, United States",Wave Broadband
2026-03-06T14:32:28.443816,580.25,49.79,20.15,GigabitNow,"Seattle, WA, United States",Wave Broadband
2026-03-06T14:47:39.818269,321.09,50.53,19.22,Ziply Fiber,"Seattle, WA, United States",Wave Broadband
2026-03-06T15:17:54.977260,292.41,55.81,28.11,DirectLink,"Canby, OR, United States",Wave Broadband
2026-03-06T15:33:02.735143,235.73,48.77,26.11,Hood River Electric Coop,"Hood River, OR, United States",Wave Broadband
2026-03-06T15:48:10.811425,274.53,55.73,27.56,Hood River Electric Coop,"Hood River, OR, United States",Wave Broadband
2026-03-06T16:18:25.313955,330.36,41.96,26.96,Hood River Electric Coop,"Hood River, OR, United States",Wave Broadband
2026-03-06T16:33:32.835418,317.75,47.48,28.54,Hood River Electric Coop,"Hood River, OR, United States",Wave Broadband
2026-03-06T16:48:36.136082,257.08,51.19,27.48,Hood River Electric Coop,"Hood River, OR, United States",Wave Broadband
2026-03-06T17:03:37.852070,314.42,49.75,28.05,Hood River Electric Coop,"Hood River, OR, United States",Wave Broadband
2026-03-06T17:18:49.705558,359.41,48.64,33.01,DirectLink,"Canby, OR, United States",Wave Broadband
2026-03-06T17:33:53.825903,256.47,46.83,27.86,DirectLink,"Canby, OR, United States",Wave Broadband
2026-03-06T17:49:01.618620,96.68,55.75,27.28,Hood River Electric Coop,"Hood River, OR, United States",Wave Broadband
2026-03-06T18:19:15.264232,341.37,43.12,21.49,Astound Broadband,"Seattle, WA, United States",Wave Broadband
2026-03-06T18:49:19.500222,387.04,55.85,23.03,GSL Networks,"Seattle, WA, United States",Wave Broadband
2026-03-06T19:19:35.827053,231.54,54.77,22.29,Astound Broadband,"Seattle, WA, United States",Wave Broadband
2026-03-06T19:34:43.485078,219.76,48.39,19.79,Astound Broadband,"Seattle, WA, United States",Wave Broadband
2026-03-06T19:49:44.083052,308.72,38.94,20.14,Astound Broadband,"Seattle, WA, United States",Wave Broadband
2026-03-06T20:19:53.783463,435.54,45.22,22.59,GSL Networks,"Seattle, WA, United States",Wave Broadband
2026-03-06T20:35:03.699383,206.69,51.03,18.58,Astound Broadband,"Seattle, WA, United States",Wave Broadband
2026-03-06T20:50:11.968162,223.31,53.41,19.99,Astound Broadband,"Seattle, WA, United States",Wave Broadband
2026-03-06T21:20:16.955573,321.47,51.6,27.04,Sherwood Broadband,"Sherwood, OR, United States",Wave Broadband
2026-03-06T21:35:25.739591,319.66,51.12,23.82,Sherwood Broadband,"Sherwood, OR, United States",Wave Broadband
2026-03-06T21:50:30.323605,388.13,38.98,24.21,Sherwood Broadband,"Sherwood, OR, United States",Wave Broadband
2026-03-06T22:05:33.861947,329.04,52.03,23.96,Sherwood Broadband,"Sherwood, OR, United States",Wave Broadband
2026-03-06T22:20:36.795972,323.17,51.08,23.83,Comcast,"Portland, OR, United States",Wave Broadband
2026-03-06T22:35:45.695489,327.91,52.16,23.74,Sherwood Broadband,"Sherwood, OR, United States",Wave Broadband
2026-03-06T22:50:52.127164,333.3,51.38,23.94,Comcast,"Portland, OR, United States",Wave Broadband
2026-03-06T23:05:59.488406,333.97,52.04,23.72,Sherwood Broadband,"Sherwood, OR, United States",Wave Broadband
2026-03-06T23:21:06.413155,392.53,52.42,26.66,Sherwood Broadband,"Sherwood, OR, United States",Wave Broadband
2026-03-06T23:36:07.378230,355.07,50.69,24.28,Sherwood Broadband,"Sherwood, OR, United States",Wave Broadband
2026-03-06T23:51:10.673121,408.33,51.04,24.24,Sherwood Broadband,"Sherwood, OR, United States",Wave Broadband
2026-03-07T00:06:13.143114,504.76,54.89,21.39,Ziply Fiber,"Seattle, WA, United States",Wave Broadband
2026-03-07T00:21:18.693902,279.61,44.09,21.6,Ziply Fiber,"Seattle, WA, United States",Wave Broadband
2026-03-07T00:36:25.192469,386.7,50.27,20.66,Ziply Fiber,"Seattle, WA, United States",Wave Broadband
2026-03-07T00:51:31.949320,400.32,50.62,20.17,Ziply Fiber,"Seattle, WA, United States",Wave Broadband
2026-03-07T01:06:38.621562,469.39,55.69,22.98,Astound Broadband,"Port Orchard, WA, United States",Wave Broadband
2026-03-07T01:21:47.166946,384.55,51.4,22.88,Ziply Fiber,"Seattle, WA, United States",Wave Broadband
2026-03-07T01:36:54.757854,411.88,51.45,20.98,Astound Broadband,"Port Orchard, WA, United States",Wave Broadband
2026-03-07T01:51:57.944648,413.02,51.17,18.84,Ziply Fiber,"Seattle, WA, United States",Wave Broadband
2026-03-07T02:07:00.727889,358.61,48.4,22.24,Ziply Fiber,"Seattle, WA, United States",Wave Broadband
2026-03-07T02:22:06.354278,458.14,45.37,18.41,Ziply Fiber,"Seattle, WA, United States",Wave Broadband
2026-03-07T02:37:21.784428,327.46,38.08,20.16,Ziply Fiber,"Seattle, WA, United States",Wave Broadband
2026-03-07T02:52:21.615855,480.84,55.42,18.58,Ziply Fiber,"Seattle, WA, United States",Wave Broadband
2026-03-07T03:07:33.029932,231.62,53.76,29.91,FIBERFI,"Portland, OR, United States",Wave Broadband
2026-03-07T03:22:40.974630,305.06,45.98,25.02,Comcast,"Portland, OR, United States",Wave Broadband
2026-03-07T03:37:46.944853,325.08,40.96,24.92,Comcast,"Portland, OR, United States",Wave Broadband
2026-03-07T03:52:52.618898,494.89,55.89,25.36,Comcast,"Portland, OR, United States",Wave Broadband
2026-03-07T04:07:55.872421,386.18,47.38,25.77,Comcast,"Portland, OR, United States",Wave Broadband
2026-03-07T04:23:00.431934,326.56,51.53,25.1,Comcast,"Portland, OR, United States",Wave Broadband
2026-03-07T04:38:12.920436,254.07,45.93,25.07,Comcast,"Portland, OR, United States",Wave Broadband
2026-03-07T04:53:13.325850,430.13,51.24,25.59,Comcast,"Portland, OR, United States",Wave Broadband
2026-03-07T05:08:17.326157,347.25,48.84,27.85,Reach Fiber Network,"Ariel, WA, United States",Wave Broadband
2026-03-07T05:23:21.887997,340.45,51.14,26.57,Comcast,"Portland, OR, United States",Wave Broadband
2026-03-07T05:38:28.709542,240.43,41.02,25.18,Comcast,"Portland, OR, United States",Wave Broadband
2026-03-07T05:53:35.864495,213.58,47.62,28.6,FIBERFI,"Portland, OR, United States",Wave Broadband
2026-03-07T06:08:39.110803,292.32,55.58,24.78,allstream,"Portland, OR, United States",Wave Broadband
2026-03-07T06:23:41.527429,315.58,27.49,24.81,allstream,"Portland, OR, United States",Wave Broadband
2026-03-07T06:38:48.717553,302.35,51.29,24.68,allstream,"Portland, OR, United States",Wave Broadband
2026-03-07T06:53:56.905318,311.09,41.81,25.41,allstream,"Portland, OR, United States",Wave Broadband
2026-03-07T07:08:58.903807,304.12,50.19,25.19,allstream,"Portland, OR, United States",Wave Broadband
2026-03-07T07:24:01.752052,333.67,51.78,26.79,Hood River Electric Coop,"Hood River, OR, United States",Wave Broadband
2026-03-07T07:39:15.077027,320.84,50.88,24.58,allstream,"Portland, OR, United States",Wave Broadband
2026-03-07T07:54:18.621345,260.12,52.76,31.98,Hood River Electric Coop,"Hood River, OR, United States",Wave Broadband
2026-03-07T08:09:20.955554,287.26,50.55,24.59,allstream,"Portland, OR, United States",Wave Broadband
2026-03-07T08:24:22.885455,307.12,55.94,24.97,allstream,"Portland, OR, United States",Wave Broadband
2026-03-07T08:39:23.101369,258.42,42.42,23.8,allstream,"Portland, OR, United States",Wave Broadband
2026-03-07T08:54:27.504571,332.39,50.95,23.4,"KamaTera, Inc.","Seattle, WA, United States",Wave Broadband
2026-03-07T09:09:33.792290,411.15,51.69,23.69,"KamaTera, Inc.","Seattle, WA, United States",Wave Broadband
2026-03-07T09:24:42.947336,320.38,23.43,21.3,Astound Broadband,"Port Orchard, WA, United States",Wave Broadband
2026-03-07T09:39:50.849970,325.27,37.6,21.76,Astound Broadband,"Port Orchard, WA, United States",Wave Broadband
2026-03-07T09:54:57.962928,360.75,45.98,21.86,"KamaTera, Inc.","Seattle, WA, United States",Wave Broadband
2026-03-07T10:09:59.714943,468.56,56.01,23.9,"KamaTera, Inc.","Seattle, WA, United States",Wave Broadband
2026-03-07T10:25:02.830468,323.67,50.58,23.76,Astound Broadband,"Port Orchard, WA, United States",Wave Broadband
2026-03-07T10:40:21.321169,245.45,51.15,21.28,Astound Broadband,"Port Orchard, WA, United States",Wave Broadband
2026-03-07T10:55:14.796844,409.52,51.1,23.18,"KamaTera, Inc.","Seattle, WA, United States",Wave Broadband
2026-03-07T11:10:22.113271,426.78,44.37,23.58,EZEE Fiber,"Seattle, WA, United States",Wave Broadband
2026-03-07T11:25:29.351010,324.92,50.47,22.87,"KamaTera, Inc.","Seattle, WA, United States",Wave Broadband
2026-03-07T11:40:30.734143,354.37,51.38,22.26,"KamaTera, Inc.","Seattle, WA, United States",Wave Broadband
2026-03-07T11:55:38.342115,376.34,50.33,23.14,"KamaTera, Inc.","Seattle, WA, United States",Wave Broadband
2026-03-07T12:10:41.151187,468.77,41.5,21.16,Comcast,"Seattle, WA, United States",Wave Broadband
2026-03-07T12:25:52.819160,398.03,55.11,21.82,Ziply Fiber,"Seattle, WA, United States",Wave Broadband
2026-03-07T12:40:55.098094,384.6,48.98,20.89,Ziply Fiber,"Seattle, WA, United States",Wave Broadband
2026-03-07T12:55:56.074545,416.04,55.77,18.22,Ziply Fiber,"Seattle, WA, United States",Wave Broadband
2026-03-07T13:11:02.335568,337.58,50.86,20.49,Comcast,"Seattle, WA, United States",Wave Broadband
2026-03-07T13:26:02.509086,411.03,48.33,18.49,Ziply Fiber,"Seattle, WA, United States",Wave Broadband
2026-03-07T13:41:10.539143,365.54,47.23,19.59,Comcast,"Seattle, WA, United States",Wave Broadband
2026-03-07T13:56:14.103990,433.0,55.4,20.23,Ziply Fiber,"Seattle, WA, United States",Wave Broadband
2026-03-07T14:11:16.100141,388.33,50.65,20.75,Comcast,"Seattle, WA, United States",Wave Broadband
2026-03-07T14:26:21.928300,489.44,55.79,18.35,Ziply Fiber,"Seattle, WA, United States",Wave Broadband
2026-03-07T14:41:31.500333,371.22,44.7,23.31,Comcast,"Seattle, WA, United States",Wave Broadband
2026-03-07T14:56:37.584028,508.3,50.72,31.72,Scatter Creek InfoNet,"Tenino, WA, United States",Wave Broadband
2026-03-07T15:11:52.275193,321.08,52.74,24.95,Comcast,"Portland, OR, United States",Wave Broadband
2026-03-07T15:27:00.889885,302.32,56.72,23.87,Comcast,"Portland, OR, United States",Wave Broadband
2026-03-07T15:41:58.477603,199.95,55.87,26.12,Comcast,"Portland, OR, United States",Wave Broadband
2026-03-07T15:57:01.874656,202.82,49.41,24.32,Comcast,"Portland, OR, United States",Wave Broadband
2026-03-07T16:12:07.821523,323.55,51.45,25.02,Comcast,"Portland, OR, United States",Wave Broadband
2026-03-07T16:27:09.698732,245.19,56.02,24.4,Comcast,"Portland, OR, United States",Wave Broadband
2026-03-07T16:42:13.831934,320.86,51.59,24.59,Comcast,"Portland, OR, United States",Wave Broadband
2026-03-07T16:57:15.289652,387.02,49.93,30.28,Scatter Creek InfoNet,"Tenino, WA, United States",Wave Broadband
2026-03-07T17:12:18.817678,312.2,51.91,23.95,Comcast,"Portland, OR, United States",Wave Broadband
2026-03-07T17:27:26.607468,284.03,49.88,25.02,Comcast,"Portland, OR, United States",Wave Broadband
2026-03-07T17:42:33.508523,307.11,50.33,26.01,Comcast,"Portland, OR, United States",Wave Broadband
2026-03-07T17:57:40.319535,355.96,51.94,26.31,Ziply Fiber,"Seattle, WA, United States",Wave Broadband
2026-03-07T18:12:46.953606,440.29,51.74,18.45,Ziply Fiber,"Seattle, WA, United States",Wave Broadband
2026-03-07T18:27:53.082011,445.06,23.68,18.64,Ziply Fiber,"Seattle, WA, United States",Wave Broadband
2026-03-07T18:42:58.217141,386.1,55.85,18.83,Ziply Fiber,"Seattle, WA, United States",Wave Broadband
2026-03-07T18:58:00.690882,151.23,41.4,21.93,Ziply Fiber,"Seattle, WA, United States",Wave Broadband
2026-03-07T19:13:06.250806,382.5,50.94,19.57,Ziply Fiber,"Seattle, WA, United States",Wave Broadband
2026-03-07T19:28:20.080028,338.04,49.56,21.54,Ziply Fiber,"Seattle, WA, United States",Wave Broadband
2026-03-07T19:43:21.588252,322.33,50.57,20.57,Astound Broadband,"Port Orchard, WA, United States",Wave Broadband
2026-03-07T19:58:17.716972,468.52,54.46,21.46,Ziply Fiber,"Seattle, WA, United States",Wave Broadband
2026-03-07T20:13:27.477947,376.0,51.18,19.94,Astound Broadband,"Port Orchard, WA, United States",Wave Broadband
2026-03-07T20:28:36.362662,298.74,55.76,19.42,Ziply Fiber,"Seattle, WA, United States",Wave Broadband
2026-03-07T20:43:38.743043,452.64,55.98,21.08,Ziply Fiber,"Seattle, WA, United States",Wave Broadband
2026-03-07T20:58:38.793535,451.78,50.31,18.61,Ziply Fiber,"Seattle, WA, United States",Wave Broadband
2026-03-07T21:13:48.662827,314.68,43.52,22.05,GigabitNow,"Seattle, WA, United States",Wave Broadband
2026-03-07T21:28:56.839341,220.01,54.46,22.6,fdcservers.net,"Seattle, WA, United States",Wave Broadband
2026-03-07T21:44:02.269340,229.98,50.2,20.49,GigabitNow,"Seattle, WA, United States",Wave Broadband
2026-03-07T21:59:12.240116,343.71,47.86,19.77,GigabitNow,"Seattle, WA, United States",Wave Broadband
2026-03-07T22:14:12.643189,327.36,52.4,21.18,GigabitNow,"Seattle, WA, United States",Wave Broadband
2026-03-07T22:29:14.383340,414.5,51.82,19.48,Ziply Fiber,"Seattle, WA, United States",Wave Broadband
2026-03-07T22:44:22.457837,344.93,51.19,18.84,GigabitNow,"Seattle, WA, United States",Wave Broadband
2026-03-07T22:59:29.575491,465.2,50.08,19.12,Ziply Fiber,"Seattle, WA, United States",Wave Broadband
2026-03-07T23:14:31.322455,417.82,50.96,19.63,GigabitNow,"Seattle, WA, United States",Wave Broadband
2026-03-07T23:29:37.546061,239.32,53.81,21.87,GigabitNow,"Seattle, WA, United States",Wave Broadband
2026-03-07T23:44:43.032559,358.85,50.89,18.09,Ziply Fiber,"Seattle, WA, United States",Wave Broadband
2026-03-07T23:59:55.103235,448.16,49.52,21.56,GigabitNow,"Seattle, WA, United States",Wave Broadband
2026-03-08T00:14:52.530837,411.71,51.72,19.42,GigabitNow,"Seattle, WA, United States",Wave Broadband
2026-03-08T00:29:54.735275,317.31,46.87,19.68,GigabitNow,"Seattle, WA, United States",Wave Broadband
2026-03-08T00:44:55.248191,279.22,55.57,19.44,GigabitNow,"Seattle, WA, United States",Wave Broadband
2026-03-08T01:00:02.033831,394.95,51.0,22.64,fdcservers.net,"Seattle, WA, United States",Wave Broadband
2026-03-08T01:15:09.729917,365.01,47.39,20.7,GigabitNow,"Seattle, WA, United States",Wave Broadband
2026-03-08T01:30:21.999630,221.46,53.45,20.09,GigabitNow,"Seattle, WA, United States",Wave Broadband
2026-03-08T01:45:21.504341,576.82,51.07,20.45,GigabitNow,"Seattle, WA, United States",Wave Broadband
2026-03-08T03:15:36.589188,325.47,51.02,21.74,GigabitNow,"Seattle, WA, United States",Wave Broadband
2026-03-08T03:30:36.112159,453.84,48.44,20.42,GigabitNow,"Seattle, WA, United States",Wave Broadband
2026-03-08T03:45:42.009271,271.35,50.36,20.03,GigabitNow,"Seattle, WA, United States",Wave Broadband
2026-03-08T04:15:56.936650,324.84,44.16,24.06,Ziply Fiber,"Seattle, WA, United States",Wave Broadband
2026-03-08T04:30:58.655973,358.47,50.77,18.42,Ziply Fiber,"Seattle, WA, United States",Wave Broadband
2026-03-08T04:45:59.619428,398.45,55.73,18.36,Ziply Fiber,"Seattle, WA, United States",Wave Broadband
2026-03-08T05:16:13.800024,191.7,51.27,21.18,Ziply Fiber,"Seattle, WA, United States",Wave Broadband
2026-03-08T05:31:15.041405,384.14,50.89,19.05,Ziply Fiber,"Seattle, WA, United States",Wave Broadband
2026-03-08T05:46:15.266647,425.37,50.14,17.73,Ziply Fiber,"Seattle, WA, United States",Wave Broadband
2026-03-08T06:16:30.576063,414.17,50.81,21.1,Ziply Fiber,"Seattle, WA, United States",Wave Broadband
2026-03-08T06:31:43.508119,396.02,50.58,21.92,Ziply Fiber,"Seattle, WA, United States",Wave Broadband
2026-03-08T06:46:46.769097,356.8,37.36,17.46,Ziply Fiber,"Seattle, WA, United States",Wave Broadband
2026-03-08T07:16:59.863293,311.38,55.94,22.21,Astound Broadband,"Seattle, WA, United States",Wave Broadband
2026-03-08T07:31:59.089762,393.25,49.72,20.67,Ziply Fiber,"Seattle, WA, United States",Wave Broadband
2026-03-08T07:47:08.717568,250.99,51.84,18.73,Astound Broadband,"Seattle, WA, United States",Wave Broadband
2026-03-08T08:17:16.027042,350.85,43.17,20.84,Ziply Fiber,"Seattle, WA, United States",Wave Broadband
2026-03-08T08:32:20.693032,152.48,50.17,20.15,Astound Broadband,"Seattle, WA, United States",Wave Broadband
2026-03-08T08:47:33.984680,246.86,51.45,19.02,Astound Broadband,"Seattle, WA, United States",Wave Broadband
2026-03-08T09:17:38.200289,494.22,50.31,21.25,Ziply Fiber,"Seattle, WA, United States",Wave Broadband
2026-03-08T09:32:41.865347,223.68,50.08,19.33,Astound Broadband,"Seattle, WA, United States",Wave Broadband
2026-03-08T09:47:48.547732,375.33,51.16,18.95,Ziply Fiber,"Seattle, WA, United States",Wave Broadband
2026-03-08T10:18:02.279766,323.65,47.97,21.14,"KamaTera, Inc.","Seattle, WA, United States",Wave Broadband
2026-03-08T10:33:02.307227,337.0,49.66,19.78,Astound Broadband,"Port Orchard, WA, United States",Wave Broadband
2026-03-08T10:48:11.882175,327.45,19.72,21.74,Spectrum,"Portland, OR, United States",Wave Broadband
2026-03-08T11:18:21.495991,393.45,46.53,21.01,"KamaTera, Inc.","Seattle, WA, United States",Wave Broadband
2026-03-08T11:33:36.390857,192.01,53.25,22.84,Spectrum,"Portland, OR, United States",Wave Broadband
2026-03-08T11:48:31.857135,398.55,52.69,25.11,Spectrum,"Portland, OR, United States",Wave Broadband
2026-03-08T12:18:42.093919,339.32,31.59,22.16,"KamaTera, Inc.","Seattle, WA, United States",Wave Broadband
2026-03-08T12:33:40.340624,494.7,25.26,23.14,Astound Broadband,"Port Orchard, WA, United States",Wave Broadband
2026-03-08T12:48:51.929122,152.78,55.84,23.46,"KamaTera, Inc.","Seattle, WA, United States",Wave Broadband
2026-03-08T13:19:36.381647,117.65,3.27,88.12,"Eastern Oregon Net, Inc.","La Grande, OR, United States",T-Mobile USA
2026-03-08T13:33:58.640126,676.03,55.4,22.74,RippleFiber,"Seattle, WA, United States",Wave Broadband
2026-03-08T13:49:01.098523,624.87,49.6,22.71,RippleFiber,"Seattle, WA, United States",Wave Broadband
2026-03-08T14:19:07.358003,641.81,55.24,22.37,RippleFiber,"Seattle, WA, United States",Wave Broadband
